ID,Work Item Type,Title,Assigned To,State,Story Points,Original Estimate,Priority,Iteration Path,Area Path,Description,Acceptance Criteria
,Epic,"Épica 1: Arquitectura Base, Infraestructura y DevOps",Alex Fernando Alfaro Diaz,New,13,,1,Shunshine Studio\Sprint 0,Shunshine Studio,"Establecer los cimientos desacoplados del sistema, entornos cloud y pipelines de Azure DevOps.",
,User Story,"US-1.01: Configuración de Base de Datos, Triggers y Seguridad en Supabase",Alex Fernando Alfaro Diaz,New,3,,1,Shunshine Studio\Sprint 0,Shunshine Studio,"Desplegar el esquema relacional en PostgreSQL de Supabase con RLS, triggers y buckets de almacenamiento.","Dado el script DDL, cuando se ejecute, se crean las 12 tablas. Dado anon_key, RLS deniega acceso directo. Dado registro en auth.users, trigger crea usuarios y clientes. Buckets publicos creados."
,Task,TSK-1.01.1: Ejecutar script DDL en SQL Editor de Supabase y validar tablas,Alex Fernando Alfaro Diaz,To Do,,3,1,Shunshine Studio\Sprint 0,Shunshine Studio,Ejecutar DDL completo en Supabase y verificar claves foráneas e índices.,
,Task,TSK-1.01.2: Implementar trigger on_auth_user_created para sincronización de usuarios,Alex Fernando Alfaro Diaz,To Do,,3,1,Shunshine Studio\Sprint 0,Shunshine Studio,Crear función handle_new_user() y trigger para poblar public.usuarios y public.clientes.,
,Task,TSK-1.01.3: Configurar políticas Row Level Security (RLS) en todas las tablas,Alex Fernando Alfaro Diaz,To Do,,2,1,Shunshine Studio\Sprint 0,Shunshine Studio,Habilitar RLS en esquema public sin permisos anónimos para proteger la base de datos.,
,Task,TSK-1.01.4: Crear buckets en Supabase Storage con políticas de lectura pública,Camila Antonia Calderon Cortez,To Do,,2,1,Shunshine Studio\Sprint 0,Shunshine Studio,Crear buckets servicios-imagenes y estilistas-avatares con acceso público de lectura.,
,User Story,US-1.02: Inicialización de la Web API en Java Spring Boot 3.3.3,Alex Fernando Alfaro Diaz,New,5,,1,Shunshine Studio\Sprint 0,Shunshine Studio,"Crear el proyecto Spring Boot 3.3.3 con arquitectura en capas (com.shushinestudio), JPA, Swagger y RFC 7807.",Conexión PostgreSQL en Supabase exitosa. ExceptionHandler RFC 7807 activo. Validación JWT operativa. Swagger OpenAPI disponible.
,Task,TSK-1.02.1: Scaffolding de solución Java Spring Boot 3.3.3 con arquitectura en capas,Alex Fernando Alfaro Diaz,To Do,,4,1,Shunshine Studio\Sprint 0,Shunshine Studio,"Crear proyecto Maven con paquete com.shushinestudio (controladores, servicios, repositorios, modelos, DTOs).",
,Task,TSK-1.02.2: Configurar DataSource con Spring Data JPA / PostgreSQL y conexión a Supabase,Alex Fernando Alfaro Diaz,To Do,,4,1,Shunshine Studio\Sprint 0,Shunshine Studio,Configurar application.properties con HikariCP Pooler y mapear entidades JPA.,
,Task,TSK-1.02.3: Configurar Spring Security 6 y filtro JwtAuthenticationFilter,Alex Fernando Alfaro Diaz,To Do,,3,1,Shunshine Studio\Sprint 0,Shunshine Studio,Configurar SecurityFilterChain con validación de tokens JJWT y autorización por roles.,
,Task,TSK-1.02.4: Configurar controlador global de excepciones con estándar RFC 7807 (ProblemDetail),Alex Fernando Alfaro Diaz,To Do,,3,1,Shunshine Studio\Sprint 0,Shunshine Studio,Implementar @RestControllerAdvice global para capturar excepciones de negocio y retornar ProblemDetail.,
,Task,TSK-1.02.5: Configurar Swagger / OpenAPI con soporte para Bearer Token,Alex Fernando Alfaro Diaz,To Do,,2,1,Shunshine Studio\Sprint 0,Shunshine Studio,Habilitar interfaz interactiva Swagger para pruebas de endpoints protegidos.,
,User Story,US-1.03: Inicialización de la App Móvil con .NET MAUI y Clean Architecture (MVVM),Camila Antonia Calderon Cortez,New,3,,1,Shunshine Studio\Sprint 0,Shunshine Studio,"Inicializar el proyecto .NET MAUI configurando CommunityToolkit.Mvvm, HttpClient, DI y recursos de estilo.",Tema oficial configurado. DelegatingHandler con interceptor RFC 7807 e inyección de token. Inyector DI operativo.
,Task,TSK-1.03.1: Inicializar proyecto .NET MAUI y estructura Clean Architecture (MVVM),Camila Antonia Calderon Cortez,To Do,,3,1,Shunshine Studio\Sprint 0,Shunshine Studio,"Crear estructura Core, Data, Domain y Presentation (Views/ViewModels).",
,Task,TSK-1.03.2: Implementar ResourceDictionary de estilos con paleta oficial de colores y fuentes,Camila Antonia Calderon Cortez,To Do,,3,1,Shunshine Studio\Sprint 0,Shunshine Studio,"Configurar colores Rosa, Blush, Lavanda y estilos XAML de controles.",
,Task,TSK-1.03.3: Configurar HttpClient con DelegatingHandler para autenticación y errores RFC 7807,Camila Antonia Calderon Cortez,To Do,,4,1,Shunshine Studio\Sprint 0,Shunshine Studio,Crear DelegatingHandler para interceptar ProblemDetails y manejar 401.,
,Task,TSK-1.03.4: Configurar inyección de dependencias en MauiProgram.cs,Camila Antonia Calderon Cortez,To Do,,2,1,Shunshine Studio\Sprint 0,Shunshine Studio,"Registrar DataSources, Repositorios, ViewModels y Views en MauiProgram.cs.",
,User Story,"US-1.04: Configuración de Repositorio, GitFlow y Tableros en Azure DevOps",Alex Fernando Alfaro Diaz,New,2,,2,Shunshine Studio\Sprint 0,Shunshine Studio,Configurar el proyecto en Azure DevOps con ramas protegidas y políticas de PR.,Branch policies en main y develop. Sprints creados en Azure Boards.
,Task,TSK-1.04.1: Configurar políticas de rama en main y develop,Alex Fernando Alfaro Diaz,To Do,,2,2,Shunshine Studio\Sprint 0,Shunshine Studio,Bloquear push directo y exigir Pull Requests con revisión mínima.,
,Task,TSK-1.04.2: Configurar Sprints 0 a 5 y columnas Kanban en Azure Boards,Alex Fernando Alfaro Diaz,To Do,,2,2,Shunshine Studio\Sprint 0,Shunshine Studio,Crear iteraciones y configurar tableros para seguimiento de historias y tareas.,
,Epic,"Épica 2: Autenticación, Seguridad y Perfiles de Usuario",Alex Fernando Alfaro Diaz,New,16,,1,Shunshine Studio\Sprint 1,Shunshine Studio,"Permitir el registro, autenticación híbrida y gestión de ficha de belleza del cliente.",
,User Story,US-2.01: Registro de Nuevos Clientes,Camila Antonia Calderon Cortez,New,5,,1,Shunshine Studio\Sprint 1,Shunshine Studio,"Crear cuenta de cliente ingresando nombre completo, correo, teléfono y contraseña.",Registro exitoso via Supabase Auth. Trigger crea registros en usuarios y clientes. Validación de correo duplicado.
,Task,TSK-2.01.1: Maquetar RegistroClientePage (XAML) con validaciones de formulario,Camila Antonia Calderon Cortez,To Do,,4,1,Shunshine Studio\Sprint 1,Shunshine Studio,Crear interfaz declarativa XAML de registro según Wireframe Pág. 5.,
,Task,TSK-2.01.2: Implementar AuthViewModel para registro con Supabase Auth,Camila Antonia Calderon Cortez,To Do,,4,1,Shunshine Studio\Sprint 1,Shunshine Studio,Conectar RegisterCommand con supabase.Auth.SignUp() y metadatos.,
,Task,TSK-2.01.3: Validar en PostgreSQL inserción de usuario y perfil de cliente,Alex Fernando Alfaro Diaz,To Do,,3,1,Shunshine Studio\Sprint 1,Shunshine Studio,Comprobar integridad referencial y asignación de rol Cliente por defecto.,
,Task,TSK-2.01.4: Pruebas de QA de validación de campos y manejo de errores,Camila Antonia Calderon Cortez,To Do,,2,1,Shunshine Studio\Sprint 1,Shunshine Studio,"Probar campos vacíos, correos duplicados y contraseñas débiles.",
,User Story,US-2.02: Inicio de Sesión y Manejo Seguro de Sesión con JWT,Camila Antonia Calderon Cortez,New,5,,1,Shunshine Studio\Sprint 1,Shunshine Studio,"Iniciar sesión con credenciales, obtener JWT y mantener sesión activa de forma segura.",Login exitoso emite JWT con claims. Token persistido de forma segura. Refresco automático ante 401.
,Task,TSK-2.02.1: Maquetar LoginClientePage (XAML) con toggles de visibilidad,Camila Antonia Calderon Cortez,To Do,,3,1,Shunshine Studio\Sprint 1,Shunshine Studio,Diseñar vista XAML de login según Wireframe Pág. 6.,
,Task,TSK-2.02.2: Implementar Custom Access Token Hook en Supabase,Alex Fernando Alfaro Diaz,To Do,,3,1,Shunshine Studio\Sprint 1,Shunshine Studio,Inyectar claims role e internal_user_id en el JWT emitido por Supabase.,
,Task,TSK-2.02.3: Implementar login en AuthViewModel y persistencia segura de token,Camila Antonia Calderon Cortez,To Do,,4,1,Shunshine Studio\Sprint 1,Shunshine Studio,Guardar tokens en SecureStorage y gestionar estado IsAuthenticated.,
,Task,TSK-2.02.4: Implementar flujo de refresco automático ante 401 en DelegatingHandler,Camila Antonia Calderon Cortez,To Do,,3,1,Shunshine Studio\Sprint 1,Shunshine Studio,Reintentar petición con refresh_token o redirigir a Login si expiró.,
,User Story,US-2.03: Visualización y Edición del Perfil de Cliente y Ficha Estética,Camila Antonia Calderon Cortez,New,6,,2,Shunshine Studio\Sprint 1,Shunshine Studio,"Visualizar y editar datos personales, fidelidad y diagnóstico capilar del cliente.",GET /api/perfil devuelve ficha completa. PUT /api/perfil actualiza campos de contacto y preferencias.
,Task,TSK-2.03.1: Implementar endpoints GET y PUT /api/perfil en Java Spring Boot,Alex Fernando Alfaro Diaz,To Do,,4,2,Shunshine Studio\Sprint 1,Shunshine Studio,Crear PerfilController y lógica de actualización en Clientes.,
,Task,TSK-2.03.2: Maquetar PerfilClientePage (XAML) según Wireframe Pág. 14,Camila Antonia Calderon Cortez,To Do,,4,2,Shunshine Studio\Sprint 1,Shunshine Studio,"Diseñar avatar, badge Nivel Oro y formulario de ficha capilar en XAML.",
,Task,TSK-2.03.3: Implementar PerfilViewModel conectando con la API,Camila Antonia Calderon Cortez,To Do,,3,2,Shunshine Studio\Sprint 1,Shunshine Studio,Gestionar estados de carga y guardado de perfil con CommunityToolkit.Mvvm.,
,Task,TSK-2.03.4: Pruebas de QA de persistencia de perfil y ficha estética,Camila Antonia Calderon Cortez,To Do,,2,2,Shunshine Studio\Sprint 1,Shunshine Studio,Verificar persistencia de cambios en base de datos.,
,Epic,Épica 3: Catálogo de Servicios y Motor de Disponibilidad,Alex Fernando Alfaro Diaz,New,21,,1,Shunshine Studio\Sprint 2,Shunshine Studio,Explorar la oferta comercial del salón y calcular en tiempo real los bloques de tiempo libres por estilista.,
,User Story,US-3.01: Catálogo de Servicios Categorizados y Filtros Rápidos,Camila Antonia Calderon Cortez,New,5,,1,Shunshine Studio\Sprint 2,Shunshine Studio,"Explorar catálogo clasificado por categorías (Cabello, Uñas, Maquillaje, Spa).",GET /api/servicios devuelve solo activos. Filtrado instantáneo por chip de categoría en app móvil.
,Task,TSK-3.01.1: Implementar GET /api/servicios con filtro por categoría en Java Spring Boot,Alex Fernando Alfaro Diaz,To Do,,4,1,Shunshine Studio\Sprint 2,Shunshine Studio,Crear ServicioController con consultas optimizadas.,
,Task,TSK-3.01.2: Maquetar CatalogoServiciosPage (XAML) según Wireframe Pág. 7,Camila Antonia Calderon Cortez,To Do,,4,1,Shunshine Studio\Sprint 2,Shunshine Studio,Diseñar chips de categorías y CollectionView de servicios en XAML.,
,Task,TSK-3.01.3: Implementar CatalogoViewModel con filtrado reactivo,Camila Antonia Calderon Cortez,To Do,,3,1,Shunshine Studio\Sprint 2,Shunshine Studio,"Controlar estados IsBusy, Loaded y colección filtrada.",
,Task,TSK-3.01.4: Pruebas de QA de carga de catálogo y renderizado de imágenes,Camila Antonia Calderon Cortez,To Do,,2,1,Shunshine Studio\Sprint 2,Shunshine Studio,Verificar carga rápida de imágenes desde Supabase Storage.,
,User Story,US-3.02: Ficha Técnica y Detalle del Tratamiento,Camila Antonia Calderon Cortez,New,3,,2,Shunshine Studio\Sprint 2,Shunshine Studio,"Visualizar descripción detallada, tiempo estimado y protocolo paso a paso del servicio.",GET /api/servicios/{id} devuelve protocolo completo. Navegación fluida hacia reserva.
,Task,TSK-3.02.1: Implementar GET /api/servicios/{id} detallado en Java Spring Boot,Alex Fernando Alfaro Diaz,To Do,,2,2,Shunshine Studio\Sprint 2,Shunshine Studio,"Retornar descripción completa, duración y protocolo.",
,Task,TSK-3.02.2: Maquetar DetalleServicioPage (XAML) según Wireframe Pág. 8,Camila Antonia Calderon Cortez,To Do,,3,2,Shunshine Studio\Sprint 2,Shunshine Studio,"Diseñar cabecera con foto, badge de precio y pasos de protocolo en XAML.",
,Task,TSK-3.02.3: Conectar botón Continuar transmitiendo ID de servicio,Camila Antonia Calderon Cortez,To Do,,2,2,Shunshine Studio\Sprint 2,Shunshine Studio,Almacenar servicio seleccionado en ReservaViewModel.,
,User Story,US-3.03: Selección de Estilistas y Asignación Automática,Camila Antonia Calderon Cortez,New,5,,1,Shunshine Studio\Sprint 2,Shunshine Studio,Ver estilistas capacitados para el servicio o elegir opción de asignación automática más rápida.,GET /api/estilistas filtra por habilidad. Opción 'Cualquiera disponible' pasa null a la API.
,Task,TSK-3.03.1: Implementar GET /api/estilistas?servicioId={id} en Java Spring Boot,Alex Fernando Alfaro Diaz,To Do,,4,1,Shunshine Studio\Sprint 2,Shunshine Studio,Filtrar estilistas activos vinculados en estilista_servicios.,
,Task,TSK-3.03.2: Maquetar SeleccionEstilistaPage (XAML) según Wireframe Pág. 9,Camila Antonia Calderon Cortez,To Do,,4,1,Shunshine Studio\Sprint 2,Shunshine Studio,Diseñar tarjetas de estilistas y card destacada de autoasignación en XAML.,
,Task,TSK-3.03.3: Manejar estado de selección en ReservaViewModel,Camila Antonia Calderon Cortez,To Do,,3,1,Shunshine Studio\Sprint 2,Shunshine Studio,Manejar selección individual o asignación automática.,
,User Story,US-3.04: Motor de Cálculo de Disponibilidad Dinámica de Horarios,Alex Fernando Alfaro Diaz,New,8,,1,Shunshine Studio\Sprint 2,Shunshine Studio,"Calcular en tiempo real slots libres considerando turnos, citas existentes y duración del servicio.",GET /api/disponibilidad cruza jornada laboral y reservas. Bloques ocupados deshabilitados en UI.
,Task,TSK-3.04.1: Desarrollar AvailabilityService con algoritmo de slots en Java Spring Boot,Alex Fernando Alfaro Diaz,To Do,,8,1,Shunshine Studio\Sprint 2,Shunshine Studio,Cruzar horarios_estilista con reservas existentes y segmentar intervalos.,
,Task,TSK-3.04.2: Implementar endpoint GET /api/disponibilidad en Java Spring Boot,Alex Fernando Alfaro Diaz,To Do,,4,1,Shunshine Studio\Sprint 2,Shunshine Studio,Exponer endpoint REST con validación de parámetros de fecha y servicio.,
,Task,TSK-3.04.3: Maquetar SeleccionHorarioPage (XAML) según Wireframe Pág. 10,Camila Antonia Calderon Cortez,To Do,,5,1,Shunshine Studio\Sprint 2,Shunshine Studio,Diseñar calendario mensual interactivo y grilla de horarios en XAML.,
,Task,TSK-3.04.4: Conectar DisponibilidadViewModel con la grilla de slots,Camila Antonia Calderon Cortez,To Do,,3,1,Shunshine Studio\Sprint 2,Shunshine Studio,Pintar bloques libres en verde/rosa y deshabilitar ocupados.,
,Task,TSK-3.04.5: Pruebas integradas de casos límite de disponibilidad,Alex Fernando Alfaro Diaz,To Do,,3,1,Shunshine Studio\Sprint 2,Shunshine Studio,"Probar solapamientos, límites de jornada y múltiples reservas consecutivas.",
,Epic,Épica 4: Motor Transaccional de Reservas y Gestión Personal,Alex Fernando Alfaro Diaz,New,24,,1,Shunshine Studio\Sprint 3,Shunshine Studio,"Transaccionar citas con control estricto de concurrencia (ACID), confirmación y gestión del historial de citas.",
,User Story,US-4.01: Resumen y Creación de Reserva con Control de Concurrencia,Alex Fernando Alfaro Diaz,New,8,,1,Shunshine Studio\Sprint 3,Shunshine Studio,Confirmar reserva con transacción ACID garantizando prevención de doble reserva (Overbooking).,POST /api/reservas transaccional. Asignación de estación de trabajo. Retorno 409 Conflict si el slot se ocupó.
,Task,TSK-4.01.1: Implementar CreateAppointmentUseCase con transacción ACID en Java Spring Boot,Alex Fernando Alfaro Diaz,To Do,,6,1,Shunshine Studio\Sprint 3,Shunshine Studio,Bloqueo pesimista/serializable en PostgreSQL para prevenir concurrencia.,
,Task,TSK-4.01.2: Implementar asignación de estación de trabajo libre en Java Spring Boot,Alex Fernando Alfaro Diaz,To Do,,3,1,Shunshine Studio\Sprint 3,Shunshine Studio,Asignar cabina/estación disponible según categoría del servicio.,
,Task,TSK-4.01.3: Maquetar ResumenReservaPage (XAML) según Wireframe Pág. 11,Camila Antonia Calderon Cortez,To Do,,4,1,Shunshine Studio\Sprint 3,Shunshine Studio,"Diseñar desglose de servicio, estilista, fecha, hora, subtotal e impuestos en XAML.",
,Task,TSK-4.01.4: Conectar botón Confirmar con POST /api/reservas en .NET MAUI,Camila Antonia Calderon Cortez,To Do,,4,1,Shunshine Studio\Sprint 3,Shunshine Studio,Manejar respuesta 201 Created y capturar 409 Conflict mostrando alerta amigable.,
,User Story,US-4.02: Comprobante y Confirmación de Cita con Código Único,Camila Antonia Calderon Cortez,New,3,,1,Shunshine Studio\Sprint 3,Shunshine Studio,Visualizar comprobante de confirmación con código alfanumérico único de reserva.,Generación de código único (#SHU-XXXX). Pantalla visual de comprobante y navegación.
,Task,TSK-4.02.1: Implementar generador de código de reserva único en Java Spring Boot,Alex Fernando Alfaro Diaz,To Do,,2,1,Shunshine Studio\Sprint 3,Shunshine Studio,Generar código no repetible con prefijo de marca #SHU-XXXX.,
,Task,TSK-4.02.2: Maquetar ConfirmacionReservaPage (XAML) según Wireframe Pág. 12,Camila Antonia Calderon Cortez,To Do,,3,1,Shunshine Studio\Sprint 3,Shunshine Studio,"Diseñar ticket de comprobante con código, dirección y avisos en XAML.",
,Task,TSK-4.02.3: Configurar navegación Shell hacia Mis Citas o Catálogo,Camila Antonia Calderon Cortez,To Do,,2,2,Shunshine Studio\Sprint 3,Shunshine Studio,Vincular botones de acción hacia pestañas correspondientes.,
,User Story,US-4.03: Historial de Citas del Cliente (Próximas y Pasadas),Camila Antonia Calderon Cortez,New,5,,1,Shunshine Studio\Sprint 3,Shunshine Studio,Consultar citas agendadas futuras y citas completadas previamente.,GET /api/reservas/cliente/{id} validado por claims de usuario. Pestañas Próximas y Pasadas en UI.
,Task,TSK-4.03.1: Implementar GET /api/reservas/cliente/{id} con filtro de seguridad,Alex Fernando Alfaro Diaz,To Do,,4,1,Shunshine Studio\Sprint 3,Shunshine Studio,Validar que el id coincida con el claim internal_user_id (RNF04).,
,Task,TSK-4.03.2: Maquetar HistorialCitasPage (XAML) según Wireframe Pág. 13,Camila Antonia Calderon Cortez,To Do,,4,1,Shunshine Studio\Sprint 3,Shunshine Studio,Diseñar pestañas Citas Futuras y Citas Pasadas en XAML.,
,Task,TSK-4.03.3: Conectar HistorialViewModel y renderizado de tarjetas con estado,Camila Antonia Calderon Cortez,To Do,,3,1,Shunshine Studio\Sprint 3,Shunshine Studio,"Renderizar badges cromáticos (Verde: Confirmada, Amarillo: Pendiente).",
,User Story,US-4.04: Cancelación y Solicitud de Reprogramación de Citas,Camila Antonia Calderon Cortez,New,5,,2,Shunshine Studio\Sprint 3,Shunshine Studio,Cancelar cita pendiente con anticipación o iniciar flujo de cambio de horario.,PUT /api/reservas/{id}/cancelar valida límite de 2h. Liberación inmediata de slot.
,Task,TSK-4.04.1: Implementar PUT /api/reservas/{id}/cancelar en Java Spring Boot,Alex Fernando Alfaro Diaz,To Do,,3,2,Shunshine Studio\Sprint 3,Shunshine Studio,Validar límite de tiempo previo de cancelación y cambiar estado.,
,Task,TSK-4.04.2: Implementar modal de confirmación de cancelación en .NET MAUI,Camila Antonia Calderon Cortez,To Do,,3,2,Shunshine Studio\Sprint 3,Shunshine Studio,Diseñar diálogo con advertencia de políticas del salón.,
,Task,TSK-4.04.3: Conectar flujo de reprogramación hacia selector de horario,Camila Antonia Calderon Cortez,To Do,,3,2,Shunshine Studio\Sprint 3,Shunshine Studio,Reutilizar SeleccionHorarioPage pasando la reserva a modificar.,
,Task,TSK-4.04.4: Pruebas de QA de cancelación y liberación de disponibilidad,Camila Antonia Calderon Cortez,To Do,,2,2,Shunshine Studio\Sprint 3,Shunshine Studio,Verificar que el slot cancelado vuelve a aparecer libre para otros usuarios.,
,Epic,Épica 5: Panel de Control Administrativo y Gestión del Salón,Alex Fernando Alfaro Diaz,New,29,,1,Shunshine Studio\Sprint 4,Shunshine Studio,"Proveer herramientas exclusivas para recepción y gerencia (dashboard de KPIs, agenda timeline, walk-ins y mantenimiento).",
,User Story,US-5.01: Dashboard Operativo Diario y Métricas Clave,Camila Antonia Calderon Cortez,New,5,,1,Shunshine Studio\Sprint 4,Shunshine Studio,"Visualizar panel con contadores del día, ocupación de estaciones e ingresos proyectados.",GET /api/admin/dashboard protegido por rol Administrador. Métricas de ingresos y estaciones.
,Task,TSK-5.01.1: Implementar consultas de métricas en AdminDashboardController en Java Spring Boot,Alex Fernando Alfaro Diaz,To Do,,5,1,Shunshine Studio\Sprint 4,Shunshine Studio,"Calcular citas del día, % capacidad, ingresos proyectados y ocupación.",
,Task,"TSK-5.01.2: Proteger endpoints administrativos con @PreAuthorize(""hasRole('ADMIN')"")",Alex Fernando Alfaro Diaz,To Do,,2,1,Shunshine Studio\Sprint 4,Shunshine Studio,Verificar rechazo 403 Forbidden para usuarios con rol Cliente.,
,Task,TSK-5.01.3: Maquetar DashboardAdminPage (XAML) según Wireframe Pág. 15,Camila Antonia Calderon Cortez,To Do,,5,1,Shunshine Studio\Sprint 4,Shunshine Studio,"Diseñar tarjetas de KPIs, gráficos de ocupación y monitores de cabinas en XAML.",
,Task,TSK-5.01.4: Conectar AdminDashboardViewModel con la API,Camila Antonia Calderon Cortez,To Do,,3,1,Shunshine Studio\Sprint 4,Shunshine Studio,Gestionar carga y refresco automático de métricas diarias.,
,User Story,US-5.02: Agenda Diaria Interactiva en Formato Timeline Multi-Estilista,Camila Antonia Calderon Cortez,New,8,,1,Shunshine Studio\Sprint 4,Shunshine Studio,Visualizar agenda tipo Timeline agrupada por estilista para gestionar la jornada.,GET /api/admin/agenda devuelve citas estructuradas por estilista. Bloques libres interactivos.
,Task,TSK-5.02.1: Implementar endpoint GET /api/admin/agenda en Java Spring Boot,Alex Fernando Alfaro Diaz,To Do,,6,1,Shunshine Studio\Sprint 4,Shunshine Studio,Estructurar respuesta agrupando cronograma de citas y descansos por empleado.,
,Task,TSK-5.02.2: Maquetar vista Timeline multi-columna (XAML) según Wireframe Pág. 16,Camila Antonia Calderon Cortez,To Do,,6,1,Shunshine Studio\Sprint 4,Shunshine Studio,Diseñar grilla interactiva con bloques de citas proporcionales al tiempo en XAML.,
,Task,TSK-5.02.3: Conectar selector de fecha y refresco dinámico,Camila Antonia Calderon Cortez,To Do,,3,1,Shunshine Studio\Sprint 4,Shunshine Studio,Permitir navegar entre fechas para consultar agendas pasadas y futuras.,
,User Story,US-5.03: Registro Rápido de Clientes Presenciales (Walk-in Clients),Camila Antonia Calderon Cortez,New,5,,1,Shunshine Studio\Sprint 4,Shunshine Studio,Registrar citas espontáneas para clientes sin cuenta ocupando espacios libres de la agenda.,POST /api/reservas/walk-in registra es_walk_in = true. Refresco automático de Timeline.
,Task,TSK-5.03.1: Implementar endpoint POST /api/reservas/walk-in en Java Spring Boot,Alex Fernando Alfaro Diaz,To Do,,4,1,Shunshine Studio\Sprint 4,Shunshine Studio,Permitir id_cliente nulo y guardar nombre_walk_in y telefono_walk_in.,
,Task,TSK-5.03.2: Maquetar formulario modal rápido de Walk-in en .NET MAUI,Camila Antonia Calderon Cortez,To Do,,4,1,Shunshine Studio\Sprint 4,Shunshine Studio,Invocar modal al presionar bloque libre '+ Walk-in Client' en el Timeline.,
,Task,TSK-5.03.3: Refresco inmediato de la agenda tras registro,Camila Antonia Calderon Cortez,To Do,,3,1,Shunshine Studio\Sprint 4,Shunshine Studio,Ocupar visualmente el slot sin recargar toda la pantalla.,
,User Story,US-5.04: Gestión del Ciclo de Vida y Auditoría de Estados de Citas,Camila Antonia Calderon Cortez,New,4,,1,Shunshine Studio\Sprint 4,Shunshine Studio,"Actualizar estados de citas (Pendiente, Completada, Cancelada, No Asistió) con registro de auditoría.",PUT /api/admin/reservas/{id}/estado actualiza y guarda en historial_estado_reserva.
,Task,TSK-5.04.1: Implementar actualización y auditoría en historial_estado_reserva en Java Spring Boot,Alex Fernando Alfaro Diaz,To Do,,3,1,Shunshine Studio\Sprint 4,Shunshine Studio,"Guardar id_usuario_cambio, estado_anterior y estado_nuevo en transacción.",
,Task,TSK-5.04.2: Maquetar EstadoReservaPage (XAML) según Wireframe Pág. 17,Camila Antonia Calderon Cortez,To Do,,3,1,Shunshine Studio\Sprint 4,Shunshine Studio,Diseñar selector de estado y campo de texto para observaciones de auditoría en XAML.,
,Task,TSK-5.04.3: Pruebas de QA de trazabilidad de cambios de estado,Camila Antonia Calderon Cortez,To Do,,2,1,Shunshine Studio\Sprint 4,Shunshine Studio,Verificar registro de auditoría en la base de datos tras cada cambio.,
,User Story,US-5.05: Mantenimiento de Catálogo de Servicios y Precios,Camila Antonia Calderon Cortez,New,4,,2,Shunshine Studio\Sprint 4,Shunshine Studio,"Modificar precios, duración y activar/desactivar servicios del salón.",POST/PUT /api/servicios/{id} operativo. Reflejo inmediato en la app pública.
,Task,TSK-5.05.1: Implementar endpoints de mantenimiento de catálogo en Java Spring Boot,Alex Fernando Alfaro Diaz,To Do,,3,2,Shunshine Studio\Sprint 4,Shunshine Studio,"Crear endpoints de creación, edición y toggle de activación de servicios.",
,Task,TSK-5.05.2: Maquetar AdministracionCatalogoPage (XAML) según Wireframe Pág. 18,Camila Antonia Calderon Cortez,To Do,,3,2,Shunshine Studio\Sprint 4,Shunshine Studio,Diseñar switches on/off y modal de edición de tarifas en XAML.,
,Task,TSK-5.05.3: Pruebas de QA de reactividad en catálogo público,Camila Antonia Calderon Cortez,To Do,,2,2,Shunshine Studio\Sprint 4,Shunshine Studio,Comprobar que un servicio desactivado desaparece del catálogo del cliente.,
,User Story,US-5.06: Control de Disponibilidad y Turnos de Estilistas,Camila Antonia Calderon Cortez,New,3,,2,Shunshine Studio\Sprint 4,Shunshine Studio,Marcar estilistas como inactivos temporales por imprevistos para bloquear su agenda.,PUT /api/estilistas/{id}/estado actualiza disponibilidad. Exclusión automática del motor de cálculo.
,Task,TSK-5.06.1: Implementar endpoint PUT /api/estilistas/{id}/estado en Java Spring Boot,Alex Fernando Alfaro Diaz,To Do,,2,2,Shunshine Studio\Sprint 4,Shunshine Studio,Actualizar campo estado_disponibilidad en estilistas.,
,Task,TSK-5.06.2: Maquetar EstadoEstilistaPage (XAML) según Wireframe Pág. 19,Camila Antonia Calderon Cortez,To Do,,3,2,Shunshine Studio\Sprint 4,Shunshine Studio,Diseñar lista de estilistas con toggles de disponibilidad en XAML.,
,Task,TSK-5.06.3: Verificar bloqueo automático en motor de disponibilidad,Alex Fernando Alfaro Diaz,To Do,,2,2,Shunshine Studio\Sprint 4,Shunshine Studio,Comprobar que el estilista inactivo no genera slots libres en fechas futuras.,
,Epic,"Épica 6: Pruebas Integrales, Rendimiento y Despliegue",Alex Fernando Alfaro Diaz,New,16,,1,Shunshine Studio\Sprint 5,Shunshine Studio,"Asegurar la calidad técnica (QA), pruebas de carga concurrentes y despliegue para la evaluación académica.",
,User Story,US-6.01: Pruebas Unitarias y de Integración Automatizadas,Camila Antonia Calderon Cortez,New,5,,1,Shunshine Studio\Sprint 5,Shunshine Studio,Desarrollar pruebas automatizadas con JUnit 5 en backend y xUnit / Moq en frontend.,Pruebas de algoritmo de disponibilidad en Java Spring Boot. Pruebas de estados de ViewModels en .NET MAUI.
,Task,TSK-6.01.1: Implementar pruebas unitarias de servicios con JUnit 5 / Mockito,Alex Fernando Alfaro Diaz,To Do,,5,1,Shunshine Studio\Sprint 5,Shunshine Studio,"Probar AvailabilityService, validaciones de entrada y manejo de errores (t1_crear a t6_eliminar).",
,Task,TSK-6.01.2: Implementar pruebas unitarias de ViewModels con xUnit / Moq en .NET MAUI,Camila Antonia Calderon Cortez,To Do,,5,1,Shunshine Studio\Sprint 5,Shunshine Studio,"Probar transiciones de estado y comandos en AuthViewModel, CatalogoViewModel y ReservaViewModel.",
,User Story,US-6.02: Pruebas de Estrés y Concurrencia Transaccional (RNF02),Alex Fernando Alfaro Diaz,New,5,,1,Shunshine Studio\Sprint 5,Shunshine Studio,Simular 50 peticiones simultáneas sobre el mismo slot para verificar bloqueo de doble reserva.,Exactamente 1 petición retorna 201 Created y 49 peticiones retornan 409 Conflict.
,Task,TSK-6.02.1: Crear script de prueba de carga con k6 simulando concurrencia,Alex Fernando Alfaro Diaz,To Do,,4,1,Shunshine Studio\Sprint 5,Shunshine Studio,Configurar 50 peticiones concurrentes en el mismo milisegundo para la misma cita.,
,Task,TSK-6.02.2: Ejecutar prueba de concurrencia y documentar evidencias,Camila Antonia Calderon Cortez,To Do,,4,1,Shunshine Studio\Sprint 5,Shunshine Studio,Comprobar 1 éxito (201) y 49 rechazos controlados (409 Conflict RFC 7807).,
,User Story,US-6.03: Despliegue en la Nube y Generación de Entregables,Alex Fernando Alfaro Diaz,New,6,,1,Shunshine Studio\Sprint 5,Shunshine Studio,Publicar Web API Java Spring Boot en Azure / Render y compilar APK release de .NET MAUI para entrega académica.,API accesible bajo HTTPS con Swagger activo. APK .NET MAUI Release compilado y conectado.
,Task,TSK-6.03.1: Desplegar Web API Spring Boot en la Nube,Alex Fernando Alfaro Diaz,To Do,,4,1,Shunshine Studio\Sprint 5,Shunshine Studio,"Configurar despliegue de Spring Boot JAR, variables de entorno de producción y conexión PostgreSQL.",
,Task,TSK-6.03.2: Compilar APK Release de .NET MAUI apuntando a la API,Camila Antonia Calderon Cortez,To Do,,4,1,Shunshine Studio\Sprint 5,Shunshine Studio,Compilar artefacto final con dotnet publish -f net8.0-android -c Release.,
,Task,TSK-6.03.3: Preparar reporte final y entorno de demostración académica,Alex Fernando Alfaro Diaz,To Do,,3,1,Shunshine Studio\Sprint 5,Shunshine Studio,"Documentar métricas, evidencias y preparar presentación para docentes de ESFE AGAPE.",
